messageId,timestamp,text,author,platform
100101,2023-06-21T09:13:00Z,Watched a great movie last night. Highly recommend!,user_010,Facebook
100102,2023-08-31T16:06:00Z,Why is everyone so quiet today?,user_110,Reddit
100103,2023-03-16T00:47:00Z,Started learning a new programming language!,user_123,Instagram
100104,2024-04-09T06:17:00Z,Feeling so productive this morning!,user_005,Reddit
100105,2024-05-31T13:09:00Z,Traffic is horrible today... again.,user_017,Twitter
100106,2023-04-16T13:06:00Z,Feeling so productive this morning!,user_096,Reddit
100107,2024-08-24T01:00:00Z,Started learning a new programming language!,user_095,Instagram
100108,2024-01-17T18:50:00Z,Just had the best coffee ever!,user_013,Facebook
100109,2023-12-06T20:16:00Z,Anyone else excited for the weekend?,user_158,Instagram
100110,2023-10-31T02:40:00Z,Watched a great movie last night. Highly recommend!,user_018,Facebook
100111,2023-11-19T08:13:00Z,Traffic is horrible today... again.,user_069,Reddit
100112,2024-07-08T09:59:00Z,Why is everyone so quiet today?,user_074,Instagram
100113,2023-08-04T23:45:00Z,Workout complete. Feeling great!,user_094,Facebook
100114,2024-08-06T04:09:00Z,Started learning a new programming language!,user_017,Reddit
100115,2024-07-29T04:59:00Z,Workout complete. Feeling great!,user_081,Facebook
100116,2023-09-12T21:31:00Z,Reading a fantastic book. Totally absorbed!,user_154,Instagram
100117,2024-04-01T20:55:00Z,Can't believe what just happened!,user_019,Reddit
100118,2023-09-13T19:45:00Z,Can't believe what just happened!,user_085,Twitter
100119,2024-11-29T22:06:00Z,Can't believe what just happened!,user_166,Instagram
100120,2024-08-29T11:58:00Z,Traffic is horrible today... again.,user_181,Twitter
100121,2023-08-01T10:45:00Z,Traffic is horrible today... again.,user_057,Instagram
100122,2023-03-16T18:05:00Z,Can't believe what just happened!,user_057,Instagram
100123,2023-12-04T06:09:00Z,Watched a great movie last night. Highly recommend!,user_030,Reddit
100124,2024-10-29T00:01:00Z,Watched a great movie last night. Highly recommend!,user_107,Facebook
100125,2024-06-23T17:28:00Z,Anyone else excited for the weekend?,user_009,Twitter
100126,2023-11-12T07:23:00Z,Traffic is horrible today... again.,user_166,Twitter
100127,2024-07-19T13:39:00Z,Workout complete. Feeling great!,user_038,Instagram
100128,2023-06-08T13:36:00Z,Started learning a new programming language!,user_198,Twitter
100129,2024-05-15T19:03:00Z,Started learning a new programming language!,user_082,Facebook
100130,2023-05-03T21:45:00Z,Anyone else excited for the weekend?,user_061,Facebook
100131,2024-10-31T18:44:00Z,Reading a fantastic book. Totally absorbed!,user_022,Reddit
100132,2023-08-23T20:49:00Z,Reading a fantastic book. Totally absorbed!,user_082,Facebook
100133,2023-04-17T23:19:00Z,Why is everyone so quiet today?,user_098,Reddit
100134,2024-10-07T18:28:00Z,Reading a fantastic book. Totally absorbed!,user_137,Instagram
100135,2024-12-16T07:30:00Z,Started learning a new programming language!,user_106,Instagram
100136,2023-08-21T04:08:00Z,Traffic is horrible today... again.,user_147,Reddit
100137,2024-10-01T10:56:00Z,Feeling so productive this morning!,user_114,Instagram
100138,2024-10-23T18:47:00Z,Watched a great movie last night. Highly recommend!,user_094,Reddit
100139,2023-10-19T16:01:00Z,Feeling so productive this morning!,user_097,Instagram
100140,2024-05-13T21:38:00Z,Watched a great movie last night. Highly recommend!,user_113,Twitter
100141,2024-12-10T21:54:00Z,Why is everyone so quiet today?,user_178,Twitter
100142,2024-11-28T22:29:00Z,Can't believe what just happened!,user_157,Facebook
100143,2023-11-02T10:48:00Z,Why is everyone so quiet today?,user_022,Facebook
100144,2023-03-19T04:30:00Z,Why is everyone so quiet today?,user_033,Reddit
100145,2024-12-10T10:57:00Z,Traffic is horrible today... again.,user_082,Reddit
100146,2023-05-06T13:55:00Z,Traffic is horrible today... again.,user_072,Instagram
100147,2024-11-24T10:38:00Z,Why is everyone so quiet today?,user_011,Twitter
100148,2024-04-17T12:30:00Z,Anyone else excited for the weekend?,user_177,Twitter
100149,2023-04-30T07:14:00Z,Can't believe what just happened!,user_188,Instagram
100150,2023-06-13T14:24:00Z,Just had the best coffee ever!,user_063,Facebook
100151,2023-12-22T05:12:00Z,Can't believe what just happened!,user_012,Facebook
100152,2024-04-18T06:10:00Z,Why is everyone so quiet today?,user_046,Reddit
100153,2023-08-08T03:49:00Z,Started learning a new programming language!,user_024,Facebook
100154,2024-07-16T03:01:00Z,Workout complete. Feeling great!,user_159,Instagram
100155,2023-01-08T06:00:00Z,Workout complete. Feeling great!,user_105,Twitter
100156,2024-08-07T23:59:00Z,Watched a great movie last night. Highly recommend!,user_012,Instagram
100157,2024-06-01T12:20:00Z,Anyone else excited for the weekend?,user_113,Reddit
100158,2024-10-17T08:52:00Z,Started learning a new programming language!,user_163,Twitter
100159,2024-08-29T10:10:00Z,Workout complete. Feeling great!,user_024,Reddit
100160,2024-01-03T21:27:00Z,Anyone else excited for the weekend?,user_050,Facebook
100161,2024-10-13T05:03:00Z,Watched a great movie last night. Highly recommend!,user_012,Reddit
100162,2024-12-26T05:20:00Z,Can't believe what just happened!,user_190,Facebook
100163,2024-11-18T10:51:00Z,Can't believe what just happened!,user_068,Twitter
100164,2023-06-19T07:57:00Z,Anyone else excited for the weekend?,user_199,Reddit
100165,2023-04-10T03:35:00Z,Just had the best coffee ever!,user_116,Twitter
100166,2023-03-27T04:05:00Z,Why is everyone so quiet today?,user_106,Facebook
100167,2024-01-28T08:54:00Z,Workout complete. Feeling great!,user_193,Instagram
100168,2023-06-08T08:21:00Z,Feeling so productive this morning!,user_041,Twitter
100169,2023-02-21T16:46:00Z,Why is everyone so quiet today?,user_089,Reddit
100170,2023-02-06T18:20:00Z,Started learning a new programming language!,user_195,Twitter
100171,2024-09-29T12:59:00Z,Why is everyone so quiet today?,user_164,Twitter
100172,2023-12-18T00:08:00Z,Watched a great movie last night. Highly recommend!,user_141,Facebook
100173,2024-07-02T06:29:00Z,Feeling so productive this morning!,user_063,Reddit
100174,2024-01-18T13:13:00Z,Workout complete. Feeling great!,user_139,Reddit
100175,2023-09-27T20:23:00Z,Anyone else excited for the weekend?,user_055,Twitter
100176,2023-04-24T08:03:00Z,Workout complete. Feeling great!,user_180,Reddit
100177,2023-02-26T04:13:00Z,Feeling so productive this morning!,user_092,Instagram
100178,2023-01-25T20:22:00Z,Why is everyone so quiet today?,user_188,Facebook
100179,2023-07-14T05:15:00Z,Traffic is horrible today... again.,user_059,Instagram
100180,2024-03-31T03:44:00Z,Reading a fantastic book. Totally absorbed!,user_112,Twitter
100181,2024-05-22T21:01:00Z,Reading a fantastic book. Totally absorbed!,user_085,Twitter
100182,2023-04-13T21:34:00Z,Feeling so productive this morning!,user_004,Facebook
100183,2023-04-01T05:54:00Z,Reading a fantastic book. Totally absorbed!,user_128,Facebook
100184,2024-05-03T14:34:00Z,Anyone else excited for the weekend?,user_059,Reddit
100185,2024-06-07T08:21:00Z,Traffic is horrible today... again.,user_082,Reddit
100186,2023-11-28T20:22:00Z,Can't believe what just happened!,user_005,Twitter
100187,2024-08-15T22:21:00Z,Traffic is horrible today... again.,user_147,Instagram
100188,2024-08-02T08:27:00Z,Anyone else excited for the weekend?,user_188,Facebook
100189,2023-08-27T06:50:00Z,Anyone else excited for the weekend?,user_110,Facebook
100190,2023-09-30T14:19:00Z,Reading a fantastic book. Totally absorbed!,user_090,Instagram
100191,2024-01-18T05:49:00Z,Started learning a new programming language!,user_056,Instagram
100192,2023-02-03T07:35:00Z,Started learning a new programming language!,user_172,Instagram
100193,2023-04-15T12:06:00Z,Just had the best coffee ever!,user_183,Twitter
100194,2024-09-18T00:53:00Z,Feeling so productive this morning!,user_082,Facebook
100195,2024-10-21T15:15:00Z,Why is everyone so quiet today?,user_073,Twitter
100196,2023-06-08T07:03:00Z,Feeling so productive this morning!,user_010,Facebook
100197,2023-08-06T18:58:00Z,Just had the best coffee ever!,user_140,Twitter
100198,2023-05-20T17:45:00Z,Why is everyone so quiet today?,user_114,Instagram
100199,2023-01-28T09:13:00Z,Started learning a new programming language!,user_039,Facebook
100200,2024-10-04T19:06:00Z,Traffic is horrible today... again.,user_019,Reddit
100201,2024-08-30T13:41:00Z,Feeling so productive this morning!,user_095,Reddit
100202,2024-04-24T10:34:00Z,Watched a great movie last night. Highly recommend!,user_175,Instagram
100203,2024-10-31T01:32:00Z,Why is everyone so quiet today?,user_013,Facebook
100204,2023-03-02T11:50:00Z,Feeling so productive this morning!,user_058,Facebook
100205,2023-05-16T18:27:00Z,Reading a fantastic book. Totally absorbed!,user_120,Instagram
100206,2023-10-08T07:16:00Z,Workout complete. Feeling great!,user_095,Facebook
100207,2024-11-04T17:35:00Z,Just had the best coffee ever!,user_192,Facebook
100208,2023-01-08T17:41:00Z,Why is everyone so quiet today?,user_114,Twitter
100209,2024-12-08T16:30:00Z,Can't believe what just happened!,user_170,Facebook
100210,2024-09-17T00:42:00Z,Can't believe what just happened!,user_126,Facebook
100211,2024-02-28T21:28:00Z,Traffic is horrible today... again.,user_035,Reddit
100212,2023-10-30T22:56:00Z,Traffic is horrible today... again.,user_139,Facebook
100213,2024-12-13T00:23:00Z,Traffic is horrible today... again.,user_037,Twitter
100214,2023-07-24T01:33:00Z,Feeling so productive this morning!,user_017,Facebook
100215,2024-11-11T13:24:00Z,Can't believe what just happened!,user_083,Twitter
100216,2023-01-22T10:05:00Z,Traffic is horrible today... again.,user_124,Reddit
100217,2023-06-16T00:42:00Z,Why is everyone so quiet today?,user_033,Twitter
100218,2023-02-15T05:51:00Z,Started learning a new programming language!,user_152,Reddit
100219,2024-04-18T12:18:00Z,Can't believe what just happened!,user_187,Facebook
100220,2024-03-16T14:18:00Z,Just had the best coffee ever!,user_152,Facebook
100221,2024-09-21T00:33:00Z,Just had the best coffee ever!,user_170,Instagram
100222,2024-06-17T06:31:00Z,Why is everyone so quiet today?,user_166,Reddit
100223,2024-07-13T10:56:00Z,Traffic is horrible today... again.,user_157,Reddit
100224,2024-04-23T15:15:00Z,Just had the best coffee ever!,user_116,Reddit
100225,2023-12-14T18:06:00Z,Can't believe what just happened!,user_084,Reddit
100226,2024-04-10T02:17:00Z,Started learning a new programming language!,user_118,Reddit
100227,2024-05-01T08:08:00Z,Traffic is horrible today... again.,user_186,Reddit
100228,2024-02-23T14:39:00Z,Traffic is horrible today... again.,user_035,Twitter
100229,2023-11-29T13:43:00Z,Anyone else excited for the weekend?,user_147,Instagram
100230,2024-03-30T03:47:00Z,Anyone else excited for the weekend?,user_033,Reddit
100231,2024-08-05T08:03:00Z,Feeling so productive this morning!,user_088,Twitter
100232,2023-01-04T07:35:00Z,Just had the best coffee ever!,user_153,Twitter
100233,2024-02-08T21:53:00Z,Can't believe what just happened!,user_027,Facebook
100234,2023-02-15T17:37:00Z,Anyone else excited for the weekend?,user_037,Reddit
100235,2024-07-03T02:17:00Z,Why is everyone so quiet today?,user_009,Twitter
100236,2023-03-12T12:58:00Z,Anyone else excited for the weekend?,user_093,Instagram
100237,2023-07-27T16:38:00Z,Started learning a new programming language!,user_016,Reddit
100238,2023-08-28T18:42:00Z,Just had the best coffee ever!,user_198,Facebook
100239,2024-02-20T02:11:00Z,Traffic is horrible today... again.,user_010,Instagram
100240,2023-10-09T16:21:00Z,Feeling so productive this morning!,user_040,Reddit
100241,2024-11-24T15:07:00Z,Anyone else excited for the weekend?,user_098,Reddit
100242,2023-06-26T18:02:00Z,Traffic is horrible today... again.,user_117,Instagram
100243,2024-01-20T08:02:00Z,Started learning a new programming language!,user_029,Reddit
100244,2024-05-12T15:43:00Z,Reading a fantastic book. Totally absorbed!,user_156,Instagram
100245,2024-06-24T16:39:00Z,Feeling so productive this morning!,user_144,Instagram
100246,2023-03-19T10:13:00Z,Anyone else excited for the weekend?,user_138,Instagram
100247,2023-08-10T06:16:00Z,Just had the best coffee ever!,user_038,Instagram
100248,2024-08-16T09:10:00Z,Anyone else excited for the weekend?,user_114,Twitter
100249,2024-09-17T09:51:00Z,Started learning a new programming language!,user_127,Instagram
100250,2024-10-01T06:21:00Z,Can't believe what just happened!,user_044,Reddit
100251,2024-07-17T16:50:00Z,Watched a great movie last night. Highly recommend!,user_038,Facebook
100252,2023-04-14T01:35:00Z,Feeling so productive this morning!,user_134,Facebook
100253,2024-08-13T15:01:00Z,Watched a great movie last night. Highly recommend!,user_097,Facebook
100254,2023-12-31T22:59:00Z,Just had the best coffee ever!,user_171,Reddit
100255,2024-03-11T09:52:00Z,Reading a fantastic book. Totally absorbed!,user_010,Twitter
100256,2024-01-12T03:51:00Z,Traffic is horrible today... again.,user_097,Instagram
100257,2023-01-14T15:58:00Z,Just had the best coffee ever!,user_064,Facebook
100258,2023-04-04T08:27:00Z,Just had the best coffee ever!,user_030,Instagram
100259,2024-10-05T19:26:00Z,Workout complete. Feeling great!,user_012,Reddit
100260,2024-04-20T02:27:00Z,Reading a fantastic book. Totally absorbed!,user_072,Instagram
100261,2023-08-07T19:26:00Z,Why is everyone so quiet today?,user_124,Instagram
100262,2024-10-31T04:47:00Z,Workout complete. Feeling great!,user_030,Reddit
100263,2023-04-19T14:50:00Z,Can't believe what just happened!,user_029,Reddit
100264,2023-02-03T19:56:00Z,Watched a great movie last night. Highly recommend!,user_155,Twitter
100265,2023-11-18T12:15:00Z,Watched a great movie last night. Highly recommend!,user_086,Twitter
100266,2024-05-08T04:42:00Z,Can't believe what just happened!,user_048,Facebook
100267,2024-04-10T23:37:00Z,Started learning a new programming language!,user_134,Reddit
100268,2024-11-06T01:13:00Z,Traffic is horrible today... again.,user_084,Facebook
100269,2024-12-11T05:15:00Z,Why is everyone so quiet today?,user_098,Twitter
100270,2023-05-08T01:28:00Z,Why is everyone so quiet today?,user_030,Instagram
100271,2023-10-29T23:56:00Z,Traffic is horrible today... again.,user_090,Instagram
100272,2024-10-04T09:23:00Z,Just had the best coffee ever!,user_148,Reddit
100273,2023-06-08T23:53:00Z,Started learning a new programming language!,user_140,Facebook
100274,2024-05-06T05:00:00Z,Just had the best coffee ever!,user_043,Facebook
100275,2024-06-26T18:10:00Z,Anyone else excited for the weekend?,user_115,Twitter
100276,2024-11-16T11:29:00Z,Workout complete. Feeling great!,user_179,Reddit
100277,2023-01-19T02:32:00Z,Traffic is horrible today... again.,user_063,Instagram
100278,2024-02-12T13:57:00Z,Feeling so productive this morning!,user_081,Instagram
100279,2024-08-07T08:29:00Z,Reading a fantastic book. Totally absorbed!,user_123,Instagram
100280,2023-04-01T22:18:00Z,Anyone else excited for the weekend?,user_063,Twitter
100281,2024-12-19T18:41:00Z,Feeling so productive this morning!,user_169,Reddit
100282,2023-03-22T19:34:00Z,Reading a fantastic book. Totally absorbed!,user_026,Facebook
100283,2024-08-14T12:12:00Z,Just had the best coffee ever!,user_062,Reddit
100284,2024-06-14T14:54:00Z,Traffic is horrible today... again.,user_142,Facebook
100285,2024-04-29T01:54:00Z,Anyone else excited for the weekend?,user_058,Reddit
100286,2024-11-14T09:28:00Z,Why is everyone so quiet today?,user_006,Facebook
100287,2024-07-19T10:32:00Z,Watched a great movie last night. Highly recommend!,user_126,Facebook
100288,2023-06-06T10:09:00Z,Started learning a new programming language!,user_092,Facebook
100289,2023-02-27T04:20:00Z,Anyone else excited for the weekend?,user_033,Reddit
100290,2024-02-18T08:47:00Z,Feeling so productive this morning!,user_050,Facebook
100291,2024-06-15T16:34:00Z,Just had the best coffee ever!,user_180,Twitter
100292,2023-12-14T10:12:00Z,Can't believe what just happened!,user_060,Facebook
100293,2024-05-16T06:39:00Z,Watched a great movie last night. Highly recommend!,user_030,Reddit
100294,2024-02-06T14:16:00Z,Traffic is horrible today... again.,user_086,Reddit
100295,2024-08-20T01:29:00Z,Workout complete. Feeling great!,user_119,Instagram
100296,2024-11-06T02:37:00Z,Anyone else excited for the weekend?,user_074,Reddit
100297,2024-09-22T21:45:00Z,Just had the best coffee ever!,user_188,Instagram
100298,2023-09-06T02:26:00Z,Started learning a new programming language!,user_184,Facebook
100299,2024-04-08T02:03:00Z,Reading a fantastic book. Totally absorbed!,user_164,Instagram
100300,2024-02-22T16:01:00Z,Can't believe what just happened!,user_120,Facebook
100301,2023-08-07T10:15:00Z,Traffic is horrible today... again.,user_165,Twitter
100302,2024-01-06T21:53:00Z,Can't believe what just happened!,user_095,Facebook
100303,2024-01-03T05:18:00Z,Started learning a new programming language!,user_017,Reddit
100304,2024-08-23T09:18:00Z,Feeling so productive this morning!,user_101,Reddit
100305,2024-08-19T09:12:00Z,Anyone else excited for the weekend?,user_021,Reddit
100306,2024-01-08T01:19:00Z,Anyone else excited for the weekend?,user_171,Instagram
100307,2024-11-12T08:08:00Z,Watched a great movie last night. Highly recommend!,user_016,Reddit
100308,2024-11-21T12:58:00Z,Can't believe what just happened!,user_152,Reddit
100309,2024-05-09T17:52:00Z,Workout complete. Feeling great!,user_046,Facebook
100310,2023-12-28T17:55:00Z,Anyone else excited for the weekend?,user_114,Reddit
100311,2023-01-30T17:36:00Z,Just had the best coffee ever!,user_120,Instagram
100312,2024-08-01T21:46:00Z,Watched a great movie last night. Highly recommend!,user_165,Reddit
100313,2024-09-28T06:58:00Z,Traffic is horrible today... again.,user_116,Instagram
100314,2023-11-22T07:19:00Z,Started learning a new programming language!,user_145,Instagram
100315,2024-07-05T06:27:00Z,Started learning a new programming language!,user_137,Facebook
100316,2023-09-03T12:34:00Z,Workout complete. Feeling great!,user_013,Reddit
100317,2024-07-13T11:29:00Z,Workout complete. Feeling great!,user_054,Instagram
100318,2023-10-10T12:10:00Z,Can't believe what just happened!,user_184,Reddit
100319,2024-12-14T17:51:00Z,Can't believe what just happened!,user_125,Twitter
100320,2024-03-22T19:08:00Z,Why is everyone so quiet today?,user_149,Twitter
100321,2023-12-19T12:08:00Z,Feeling so productive this morning!,user_192,Twitter
100322,2024-07-07T06:32:00Z,Watched a great movie last night. Highly recommend!,user_185,Twitter
100323,2023-11-24T07:39:00Z,Traffic is horrible today... again.,user_186,Facebook
100324,2023-05-26T17:30:00Z,Anyone else excited for the weekend?,user_111,Instagram
100325,2023-10-19T13:08:00Z,Reading a fantastic book. Totally absorbed!,user_014,Twitter
100326,2024-03-29T15:38:00Z,Anyone else excited for the weekend?,user_066,Facebook
100327,2024-03-12T10:45:00Z,Traffic is horrible today... again.,user_019,Twitter
100328,2023-01-02T05:02:00Z,Anyone else excited for the weekend?,user_104,Facebook
100329,2023-09-10T14:29:00Z,Started learning a new programming language!,user_186,Reddit
100330,2024-09-24T19:51:00Z,Reading a fantastic book. Totally absorbed!,user_090,Facebook
100331,2024-10-12T11:00:00Z,Traffic is horrible today... again.,user_039,Instagram
100332,2024-11-22T02:49:00Z,Anyone else excited for the weekend?,user_171,Instagram
100333,2024-11-22T20:37:00Z,Watched a great movie last night. Highly recommend!,user_109,Reddit
100334,2024-08-29T12:38:00Z,Just had the best coffee ever!,user_007,Instagram
100335,2023-02-03T13:47:00Z,Started learning a new programming language!,user_180,Facebook
100336,2023-07-11T03:39:00Z,Feeling so productive this morning!,user_153,Reddit
100337,2023-03-03T00:18:00Z,Why is everyone so quiet today?,user_091,Twitter
100338,2024-11-05T12:08:00Z,Traffic is horrible today... again.,user_112,Twitter
100339,2023-11-30T01:54:00Z,Anyone else excited for the weekend?,user_119,Reddit
100340,2024-07-22T03:20:00Z,Started learning a new programming language!,user_145,Facebook
100341,2024-10-29T19:59:00Z,Anyone else excited for the weekend?,user_166,Instagram
100342,2024-12-06T15:43:00Z,Why is everyone so quiet today?,user_097,Facebook
100343,2023-05-20T06:36:00Z,Can't believe what just happened!,user_055,Facebook
100344,2024-04-08T17:53:00Z,Just had the best coffee ever!,user_135,Instagram
100345,2023-08-20T08:32:00Z,Can't believe what just happened!,user_013,Reddit
100346,2023-08-24T13:33:00Z,Can't believe what just happened!,user_159,Instagram
100347,2023-05-26T01:41:00Z,Reading a fantastic book. Totally absorbed!,user_113,Twitter
100348,2023-06-04T07:32:00Z,Reading a fantastic book. Totally absorbed!,user_170,Instagram
100349,2023-07-12T10:36:00Z,Watched a great movie last night. Highly recommend!,user_020,Facebook
100350,2024-01-28T07:20:00Z,Anyone else excited for the weekend?,user_082,Instagram
100351,2023-08-06T11:38:00Z,Anyone else excited for the weekend?,user_137,Twitter
100352,2024-03-24T07:07:00Z,Traffic is horrible today... again.,user_185,Reddit
100353,2023-04-11T14:33:00Z,Why is everyone so quiet today?,user_064,Twitter
100354,2024-02-17T06:22:00Z,Can't believe what just happened!,user_100,Reddit
100355,2024-04-06T16:29:00Z,Can't believe what just happened!,user_030,Facebook
100356,2024-11-17T05:37:00Z,Started learning a new programming language!,user_067,Facebook
100357,2023-11-10T08:22:00Z,Why is everyone so quiet today?,user_001,Instagram
100358,2024-11-19T08:06:00Z,Can't believe what just happened!,user_040,Reddit
100359,2024-01-28T19:42:00Z,Can't believe what just happened!,user_055,Instagram
100360,2023-10-20T21:39:00Z,Can't believe what just happened!,user_192,Instagram
100361,2023-04-25T14:56:00Z,Can't believe what just happened!,user_031,Facebook
100362,2024-08-28T15:04:00Z,Traffic is horrible today... again.,user_018,Reddit
100363,2024-09-01T14:36:00Z,Anyone else excited for the weekend?,user_122,Facebook
100364,2024-03-31T15:46:00Z,Anyone else excited for the weekend?,user_102,Facebook
100365,2024-08-13T22:54:00Z,Started learning a new programming language!,user_181,Facebook
100366,2023-09-24T17:56:00Z,Reading a fantastic book. Totally absorbed!,user_099,Facebook
100367,2023-04-26T21:20:00Z,Started learning a new programming language!,user_054,Reddit
100368,2023-09-12T19:26:00Z,Started learning a new programming language!,user_171,Reddit
100369,2024-10-15T19:10:00Z,Anyone else excited for the weekend?,user_164,Twitter
100370,2023-01-09T16:09:00Z,Reading a fantastic book. Totally absorbed!,user_149,Twitter
100371,2023-11-07T16:52:00Z,Started learning a new programming language!,user_186,Facebook
100372,2023-02-06T11:58:00Z,Workout complete. Feeling great!,user_105,Facebook
100373,2024-05-12T22:13:00Z,Feeling so productive this morning!,user_137,Reddit
100374,2023-06-12T00:34:00Z,Can't believe what just happened!,user_006,Reddit
100375,2024-07-02T22:02:00Z,Can't believe what just happened!,user_121,Reddit
100376,2023-08-29T19:03:00Z,Feeling so productive this morning!,user_188,Instagram
100377,2023-09-14T12:09:00Z,Feeling so productive this morning!,user_098,Reddit
100378,2024-06-22T11:18:00Z,Feeling so productive this morning!,user_171,Facebook
100379,2023-10-26T16:32:00Z,Reading a fantastic book. Totally absorbed!,user_121,Instagram
100380,2023-04-27T17:26:00Z,Anyone else excited for the weekend?,user_119,Twitter
100381,2023-12-18T03:29:00Z,Started learning a new programming language!,user_133,Instagram
100382,2023-06-26T12:36:00Z,Can't believe what just happened!,user_048,Reddit
100383,2023-08-07T04:38:00Z,Can't believe what just happened!,user_056,Reddit
100384,2024-07-20T14:03:00Z,Watched a great movie last night. Highly recommend!,user_146,Reddit
100385,2024-11-19T10:06:00Z,Watched a great movie last night. Highly recommend!,user_141,Facebook
100386,2024-04-17T02:56:00Z,Reading a fantastic book. Totally absorbed!,user_163,Reddit
100387,2024-07-21T19:31:00Z,Workout complete. Feeling great!,user_119,Facebook
100388,2024-02-17T06:00:00Z,Traffic is horrible today... again.,user_106,Instagram
100389,2024-07-24T06:28:00Z,Why is everyone so quiet today?,user_067,Reddit
100390,2023-11-29T12:57:00Z,Just had the best coffee ever!,user_150,Twitter
100391,2023-09-14T06:51:00Z,Workout complete. Feeling great!,user_198,Reddit
100392,2024-07-01T13:16:00Z,Feeling so productive this morning!,user_138,Instagram
100393,2023-01-30T14:53:00Z,Reading a fantastic book. Totally absorbed!,user_071,Instagram
100394,2024-11-17T04:12:00Z,Started learning a new programming language!,user_195,Reddit
100395,2024-01-16T06:59:00Z,Reading a fantastic book. Totally absorbed!,user_140,Facebook
100396,2023-10-28T15:53:00Z,Reading a fantastic book. Totally absorbed!,user_083,Facebook
100397,2023-05-05T07:41:00Z,Why is everyone so quiet today?,user_163,Instagram
100398,2023-09-24T15:46:00Z,Feeling so productive this morning!,user_167,Facebook
100399,2023-05-25T09:52:00Z,Reading a fantastic book. Totally absorbed!,user_123,Twitter
100400,2024-10-31T21:17:00Z,Reading a fantastic book. Totally absorbed!,user_119,Twitter
100401,2023-11-28T21:17:00Z,Watched a great movie last night. Highly recommend!,user_100,Facebook
100402,2024-05-30T09:23:00Z,Feeling so productive this morning!,user_024,Facebook
100403,2024-03-16T17:44:00Z,Traffic is horrible today... again.,user_068,Facebook
100404,2023-10-22T19:02:00Z,Reading a fantastic book. Totally absorbed!,user_163,Reddit
100405,2023-02-12T01:29:00Z,Just had the best coffee ever!,user_027,Twitter
100406,2024-01-27T17:15:00Z,Watched a great movie last night. Highly recommend!,user_068,Instagram
100407,2023-08-23T01:58:00Z,Feeling so productive this morning!,user_043,Twitter
100408,2024-06-28T21:32:00Z,Reading a fantastic book. Totally absorbed!,user_015,Reddit
100409,2024-08-18T11:17:00Z,Anyone else excited for the weekend?,user_141,Facebook
100410,2023-03-17T20:18:00Z,Reading a fantastic book. Totally absorbed!,user_005,Facebook
100411,2024-07-25T00:16:00Z,Watched a great movie last night. Highly recommend!,user_055,Facebook
100412,2024-03-30T08:23:00Z,Just had the best coffee ever!,user_087,Instagram
100413,2023-11-09T09:45:00Z,Feeling so productive this morning!,user_008,Twitter
100414,2023-08-17T14:41:00Z,Reading a fantastic book. Totally absorbed!,user_110,Reddit
100415,2023-11-09T10:55:00Z,Can't believe what just happened!,user_109,Instagram
100416,2023-06-01T21:23:00Z,Why is everyone so quiet today?,user_183,Instagram
100417,2024-03-26T02:26:00Z,Started learning a new programming language!,user_159,Twitter
100418,2023-06-19T20:47:00Z,Started learning a new programming language!,user_039,Twitter
100419,2024-02-09T16:42:00Z,Workout complete. Feeling great!,user_114,Reddit
100420,2024-04-08T16:12:00Z,Reading a fantastic book. Totally absorbed!,user_008,Twitter
100421,2023-10-22T02:09:00Z,Started learning a new programming language!,user_092,Facebook
100422,2023-11-09T11:43:00Z,Traffic is horrible today... again.,user_137,Facebook
100423,2024-07-13T02:27:00Z,Why is everyone so quiet today?,user_172,Reddit
100424,2023-01-28T10:05:00Z,Reading a fantastic book. Totally absorbed!,user_033,Instagram
100425,2023-03-16T00:38:00Z,Feeling so productive this morning!,user_190,Twitter
100426,2024-06-10T18:05:00Z,Reading a fantastic book. Totally absorbed!,user_185,Facebook
100427,2023-09-05T08:21:00Z,Reading a fantastic book. Totally absorbed!,user_126,Twitter
100428,2024-09-28T22:45:00Z,Feeling so productive this morning!,user_087,Facebook
100429,2024-04-17T01:59:00Z,Reading a fantastic book. Totally absorbed!,user_090,Twitter
100430,2024-05-04T17:24:00Z,Just had the best coffee ever!,user_168,Reddit
100431,2023-09-23T23:46:00Z,Anyone else excited for the weekend?,user_043,Reddit
100432,2023-01-25T06:17:00Z,Reading a fantastic book. Totally absorbed!,user_039,Twitter
100433,2024-07-09T17:41:00Z,Can't believe what just happened!,user_164,Reddit
100434,2023-12-18T10:12:00Z,Traffic is horrible today... again.,user_078,Facebook
100435,2023-09-19T04:51:00Z,Workout complete. Feeling great!,user_014,Reddit
100436,2024-08-17T18:11:00Z,Just had the best coffee ever!,user_066,Instagram
100437,2024-05-05T09:45:00Z,Reading a fantastic book. Totally absorbed!,user_147,Instagram
100438,2023-08-21T01:03:00Z,Watched a great movie last night. Highly recommend!,user_043,Instagram
100439,2024-10-07T03:58:00Z,Just had the best coffee ever!,user_063,Twitter
100440,2023-10-30T22:33:00Z,Why is everyone so quiet today?,user_190,Facebook
100441,2024-11-17T20:54:00Z,Just had the best coffee ever!,user_121,Twitter
100442,2023-02-06T04:11:00Z,Watched a great movie last night. Highly recommend!,user_046,Instagram
100443,2024-05-22T15:30:00Z,Workout complete. Feeling great!,user_163,Instagram
100444,2024-06-04T09:00:00Z,Just had the best coffee ever!,user_175,Reddit
100445,2023-07-16T04:28:00Z,Workout complete. Feeling great!,user_035,Twitter
100446,2023-01-30T11:32:00Z,Started learning a new programming language!,user_194,Twitter
100447,2023-10-30T06:41:00Z,Feeling so productive this morning!,user_007,Instagram
100448,2023-10-16T03:08:00Z,Watched a great movie last night. Highly recommend!,user_073,Facebook
100449,2023-11-03T15:28:00Z,Why is everyone so quiet today?,user_070,Twitter
100450,2023-12-12T18:22:00Z,Feeling so productive this morning!,user_006,Reddit
100451,2024-11-20T06:30:00Z,Watched a great movie last night. Highly recommend!,user_094,Facebook
100452,2023-08-20T12:53:00Z,Reading a fantastic book. Totally absorbed!,user_085,Twitter
100453,2024-07-03T15:16:00Z,Started learning a new programming language!,user_197,Instagram
100454,2023-11-17T22:07:00Z,Workout complete. Feeling great!,user_122,Twitter
100455,2023-08-24T08:14:00Z,Just had the best coffee ever!,user_094,Facebook
100456,2023-03-10T15:47:00Z,Feeling so productive this morning!,user_058,Facebook
100457,2023-06-11T01:17:00Z,Anyone else excited for the weekend?,user_071,Twitter
100458,2023-03-13T22:36:00Z,Reading a fantastic book. Totally absorbed!,user_188,Facebook
100459,2024-02-13T07:46:00Z,Why is everyone so quiet today?,user_195,Reddit
100460,2023-01-05T01:17:00Z,Just had the best coffee ever!,user_154,Reddit
100461,2023-01-28T21:01:00Z,Reading a fantastic book. Totally absorbed!,user_197,Twitter
100462,2024-02-27T07:38:00Z,Watched a great movie last night. Highly recommend!,user_079,Instagram
100463,2024-06-19T05:56:00Z,Why is everyone so quiet today?,user_147,Twitter
100464,2023-08-17T13:50:00Z,Reading a fantastic book. Totally absorbed!,user_189,Facebook
100465,2023-04-01T23:48:00Z,Feeling so productive this morning!,user_083,Instagram
100466,2024-05-05T03:57:00Z,Just had the best coffee ever!,user_192,Reddit
100467,2024-03-31T14:26:00Z,Anyone else excited for the weekend?,user_183,Instagram
100468,2023-03-26T10:51:00Z,Reading a fantastic book. Totally absorbed!,user_185,Twitter
100469,2023-04-03T07:31:00Z,Reading a fantastic book. Totally absorbed!,user_010,Twitter
100470,2023-03-09T12:34:00Z,Watched a great movie last night. Highly recommend!,user_030,Instagram
100471,2024-07-27T04:31:00Z,Watched a great movie last night. Highly recommend!,user_199,Reddit
100472,2024-02-14T07:15:00Z,Reading a fantastic book. Totally absorbed!,user_050,Facebook
100473,2024-01-25T16:27:00Z,Why is everyone so quiet today?,user_006,Twitter
100474,2024-06-06T11:38:00Z,Can't believe what just happened!,user_022,Facebook
100475,2023-12-04T12:17:00Z,Traffic is horrible today... again.,user_073,Twitter
100476,2023-06-11T02:55:00Z,Feeling so productive this morning!,user_005,Instagram
100477,2023-04-30T19:35:00Z,Can't believe what just happened!,user_101,Facebook
100478,2024-11-29T18:35:00Z,Why is everyone so quiet today?,user_061,Facebook
100479,2023-03-29T17:56:00Z,Traffic is horrible today... again.,user_137,Reddit
100480,2024-03-04T22:58:00Z,Traffic is horrible today... again.,user_097,Reddit
100481,2024-08-24T14:10:00Z,Feeling so productive this morning!,user_155,Instagram
100482,2024-11-09T21:36:00Z,Can't believe what just happened!,user_052,Reddit
100483,2024-03-17T03:53:00Z,Can't believe what just happened!,user_088,Twitter
100484,2024-03-03T19:05:00Z,Anyone else excited for the weekend?,user_016,Instagram
100485,2024-06-19T00:59:00Z,Traffic is horrible today... again.,user_132,Reddit
100486,2023-07-08T11:50:00Z,Reading a fantastic book. Totally absorbed!,user_063,Reddit
100487,2023-07-25T17:39:00Z,Anyone else excited for the weekend?,user_042,Instagram
100488,2024-05-15T06:43:00Z,Reading a fantastic book. Totally absorbed!,user_199,Reddit
100489,2023-02-17T13:17:00Z,Watched a great movie last night. Highly recommend!,user_192,Facebook
100490,2023-05-29T01:13:00Z,Traffic is horrible today... again.,user_141,Facebook
100491,2024-03-05T03:15:00Z,Watched a great movie last night. Highly recommend!,user_124,Instagram
100492,2024-05-28T15:50:00Z,Can't believe what just happened!,user_089,Instagram
100493,2023-09-17T16:12:00Z,Watched a great movie last night. Highly recommend!,user_179,Facebook
100494,2024-10-20T21:54:00Z,Started learning a new programming language!,user_142,Instagram
100495,2023-10-31T08:53:00Z,Watched a great movie last night. Highly recommend!,user_137,Twitter
100496,2024-05-10T02:58:00Z,Can't believe what just happened!,user_119,Twitter
100497,2024-05-28T04:20:00Z,Traffic is horrible today... again.,user_023,Instagram
100498,2024-02-08T21:19:00Z,Workout complete. Feeling great!,user_076,Reddit
100499,2024-10-28T11:55:00Z,Anyone else excited for the weekend?,user_046,Reddit
100500,2023-03-24T02:20:00Z,Watched a great movie last night. Highly recommend!,user_164,Reddit
100501,2024-02-25T19:30:00Z,Can't believe what just happened!,user_076,Instagram
100502,2024-02-26T00:10:00Z,Traffic is horrible today... again.,user_136,Twitter
100503,2023-11-15T03:41:00Z,Reading a fantastic book. Totally absorbed!,user_125,Twitter
100504,2024-07-31T17:23:00Z,Can't believe what just happened!,user_065,Reddit
100505,2024-11-13T17:30:00Z,Just had the best coffee ever!,user_092,Facebook
100506,2024-08-09T12:35:00Z,Watched a great movie last night. Highly recommend!,user_045,Twitter
100507,2024-08-15T03:59:00Z,Reading a fantastic book. Totally absorbed!,user_084,Instagram
100508,2024-08-19T07:46:00Z,Reading a fantastic book. Totally absorbed!,user_058,Reddit
100509,2023-07-02T06:02:00Z,Feeling so productive this morning!,user_127,Instagram
100510,2024-09-30T10:59:00Z,Just had the best coffee ever!,user_139,Facebook
100511,2023-07-12T18:20:00Z,Traffic is horrible today... again.,user_133,Reddit
100512,2024-12-22T21:45:00Z,Watched a great movie last night. Highly recommend!,user_018,Twitter
100513,2023-01-17T16:48:00Z,Why is everyone so quiet today?,user_147,Twitter
100514,2024-04-16T14:24:00Z,Workout complete. Feeling great!,user_023,Instagram
100515,2023-05-08T06:37:00Z,Workout complete. Feeling great!,user_196,Twitter
100516,2024-10-27T19:15:00Z,Can't believe what just happened!,user_027,Facebook
100517,2024-05-12T02:01:00Z,Why is everyone so quiet today?,user_056,Twitter
100518,2023-03-13T11:12:00Z,Traffic is horrible today... again.,user_081,Facebook
100519,2023-07-28T16:11:00Z,Workout complete. Feeling great!,user_075,Reddit
100520,2023-05-29T09:46:00Z,Just had the best coffee ever!,user_077,Reddit
100521,2023-03-28T06:32:00Z,Traffic is horrible today... again.,user_027,Facebook
100522,2024-07-27T14:20:00Z,Traffic is horrible today... again.,user_074,Instagram
100523,2023-05-28T05:35:00Z,Can't believe what just happened!,user_108,Facebook
100524,2024-12-25T22:08:00Z,Traffic is horrible today... again.,user_022,Reddit
100525,2024-09-18T19:03:00Z,Why is everyone so quiet today?,user_070,Facebook
100526,2023-08-10T06:17:00Z,Started learning a new programming language!,user_071,Facebook
100527,2024-01-16T17:51:00Z,Watched a great movie last night. Highly recommend!,user_072,Facebook
100528,2023-10-20T01:35:00Z,Started learning a new programming language!,user_067,Reddit
100529,2023-01-19T11:33:00Z,Can't believe what just happened!,user_001,Facebook
100530,2024-05-20T21:38:00Z,Anyone else excited for the weekend?,user_173,Facebook
100531,2024-11-22T10:57:00Z,Watched a great movie last night. Highly recommend!,user_149,Facebook
100532,2023-08-08T04:57:00Z,Can't believe what just happened!,user_156,Reddit
100533,2024-02-04T12:45:00Z,Anyone else excited for the weekend?,user_105,Facebook
100534,2023-03-07T17:28:00Z,Workout complete. Feeling great!,user_108,Reddit
100535,2023-10-02T07:38:00Z,Reading a fantastic book. Totally absorbed!,user_028,Twitter
100536,2024-02-04T19:18:00Z,Workout complete. Feeling great!,user_073,Twitter
100537,2024-04-24T04:12:00Z,Can't believe what just happened!,user_134,Instagram
100538,2023-01-06T18:06:00Z,Just had the best coffee ever!,user_198,Facebook
100539,2023-04-03T19:43:00Z,Why is everyone so quiet today?,user_108,Facebook
100540,2024-06-27T16:08:00Z,Can't believe what just happened!,user_090,Facebook
100541,2024-02-02T01:50:00Z,Reading a fantastic book. Totally absorbed!,user_106,Reddit
100542,2023-08-02T21:45:00Z,Started learning a new programming language!,user_073,Facebook
100543,2024-09-20T08:20:00Z,Just had the best coffee ever!,user_005,Reddit
100544,2024-02-15T10:48:00Z,Just had the best coffee ever!,user_014,Instagram
100545,2024-03-31T06:36:00Z,Watched a great movie last night. Highly recommend!,user_195,Facebook
100546,2024-09-12T08:05:00Z,Workout complete. Feeling great!,user_085,Instagram
100547,2023-11-11T14:51:00Z,Started learning a new programming language!,user_193,Instagram
100548,2023-08-10T22:11:00Z,Anyone else excited for the weekend?,user_105,Instagram
100549,2024-11-09T23:43:00Z,Traffic is horrible today... again.,user_010,Reddit
100550,2023-11-13T19:16:00Z,Can't believe what just happened!,user_184,Instagram
100551,2023-03-09T20:14:00Z,Traffic is horrible today... again.,user_174,Facebook
100552,2023-09-08T05:31:00Z,Just had the best coffee ever!,user_104,Facebook
100553,2024-03-29T18:36:00Z,Can't believe what just happened!,user_159,Facebook
100554,2023-03-14T05:02:00Z,Can't believe what just happened!,user_199,Facebook
100555,2023-04-21T12:11:00Z,Anyone else excited for the weekend?,user_069,Facebook
100556,2024-03-29T21:11:00Z,Started learning a new programming language!,user_147,Reddit
100557,2023-01-12T13:40:00Z,Started learning a new programming language!,user_172,Instagram
100558,2023-09-17T13:31:00Z,Why is everyone so quiet today?,user_152,Twitter
100559,2024-08-10T07:41:00Z,Can't believe what just happened!,user_076,Facebook
100560,2024-04-08T10:13:00Z,Watched a great movie last night. Highly recommend!,user_124,Instagram
100561,2023-07-15T15:06:00Z,Just had the best coffee ever!,user_160,Instagram
100562,2024-07-01T07:21:00Z,Workout complete. Feeling great!,user_177,Twitter
100563,2024-08-23T05:41:00Z,Feeling so productive this morning!,user_100,Facebook
100564,2023-01-22T20:55:00Z,Started learning a new programming language!,user_160,Instagram
100565,2023-08-05T08:14:00Z,Why is everyone so quiet today?,user_051,Twitter
100566,2023-12-07T15:13:00Z,Watched a great movie last night. Highly recommend!,user_076,Twitter
100567,2023-05-05T00:36:00Z,Just had the best coffee ever!,user_147,Facebook
100568,2023-10-25T23:09:00Z,Just had the best coffee ever!,user_097,Twitter
100569,2023-10-24T19:51:00Z,Started learning a new programming language!,user_187,Reddit
100570,2024-09-21T06:12:00Z,Started learning a new programming language!,user_075,Reddit
100571,2023-04-23T01:05:00Z,Can't believe what just happened!,user_183,Instagram
100572,2024-01-10T13:12:00Z,Can't believe what just happened!,user_176,Reddit
100573,2023-07-09T14:04:00Z,Feeling so productive this morning!,user_081,Instagram
100574,2024-05-27T06:43:00Z,Can't believe what just happened!,user_031,Reddit
100575,2024-01-07T18:50:00Z,Started learning a new programming language!,user_176,Twitter
100576,2023-12-04T01:42:00Z,Watched a great movie last night. Highly recommend!,user_074,Twitter
100577,2023-01-18T16:49:00Z,Can't believe what just happened!,user_118,Instagram
100578,2024-08-20T13:03:00Z,Watched a great movie last night. Highly recommend!,user_053,Facebook
100579,2024-03-11T13:15:00Z,Just had the best coffee ever!,user_127,Reddit
100580,2023-02-11T17:30:00Z,Started learning a new programming language!,user_025,Facebook
100581,2024-04-27T23:09:00Z,Workout complete. Feeling great!,user_183,Instagram
100582,2023-08-04T01:41:00Z,Started learning a new programming language!,user_084,Reddit
100583,2024-01-10T14:02:00Z,Why is everyone so quiet today?,user_123,Reddit
100584,2024-02-25T20:33:00Z,Anyone else excited for the weekend?,user_065,Facebook
100585,2023-06-22T15:29:00Z,Watched a great movie last night. Highly recommend!,user_121,Reddit
100586,2024-12-07T11:10:00Z,Watched a great movie last night. Highly recommend!,user_035,Instagram
100587,2023-09-01T19:46:00Z,Anyone else excited for the weekend?,user_115,Instagram
100588,2024-09-16T14:50:00Z,Just had the best coffee ever!,user_117,Twitter
100589,2024-05-20T22:52:00Z,Why is everyone so quiet today?,user_045,Facebook
100590,2024-02-22T03:13:00Z,Started learning a new programming language!,user_091,Reddit
100591,2023-05-28T02:52:00Z,Can't believe what just happened!,user_071,Reddit
100592,2024-10-12T14:53:00Z,Anyone else excited for the weekend?,user_079,Facebook
100593,2024-08-17T10:49:00Z,Just had the best coffee ever!,user_099,Instagram
100594,2024-04-08T20:16:00Z,Traffic is horrible today... again.,user_148,Instagram
100595,2024-12-11T07:05:00Z,Traffic is horrible today... again.,user_049,Reddit
100596,2024-02-15T05:39:00Z,Can't believe what just happened!,user_074,Twitter
100597,2024-05-12T11:17:00Z,Reading a fantastic book. Totally absorbed!,user_171,Reddit
100598,2024-09-01T05:39:00Z,Workout complete. Feeling great!,user_168,Instagram
100599,2024-07-07T09:23:00Z,Reading a fantastic book. Totally absorbed!,user_123,Twitter
100600,2023-03-27T18:43:00Z,Reading a fantastic book. Totally absorbed!,user_131,Facebook
